,,,Class,
Account,Link,Hamid,Jens,Julia
consetto,https://twitter.com/consetto,C,C,
DatenExperten,https://twitter.com/DatenExperten,C,C,
stevecoscia,https://twitter.com/stevecoscia,P,P,
ServiceRecipe,https://twitter.com/ServiceRecipe,CP,CP,
KristinaEvey,https://twitter.com/KristinaEvey,CP,CP,
MichaelHeppell,https://twitter.com/MichaelHeppell,P,CP,
Hyken,https://twitter.com/Hyken,CP,CP,
Selasdia,https://twitter.com/Selasdia,CP,C,
miScharf,https://twitter.com/miScharf,P,P,
jenshaase,https://twitter.com/jenshaase,P,P,
KateNasser,https://twitter.com/KateNasser,P,CP,
ParticleData,https://twitter.com/ParticleData,C,C,
brettarchi,https://twitter.com/brettarchi,P,P,
Doug_Laney,https://twitter.com/Doug_Laney,P,P,
NeleReimers,https://twitter.com/NeleReimers,P,P,
stereimann,https://twitter.com/stereimann,P,P,
donne_martin,https://twitter.com/donne_martin,P,P,
challengenews,https://twitter.com/challengenews,C,C,
WeAreManthan,https://twitter.com/WeAreManthan,C,C,
EXAGolo,https://twitter.com/EXAGolo,CP,CP,
IvervandeZand,https://twitter.com/IvervandeZand,CP,P,
cgivre,https://twitter.com/cgivre,CP,P,
data_hpz,https://twitter.com/data_hpz,P,P,
dirkhinze,https://twitter.com/dirkhinze,CP,CP,
420Innovations,https://twitter.com/420Innovations,C,C,
tryolabs,https://twitter.com/tryolabs,C,C,
SStavrinoudakis,https://twitter.com/SStavrinoudakis,CP,P,
jasoncreation,https://twitter.com/jasoncreation,P,P,
samtage,https://twitter.com/samtage,P,P,
SonjaEisenbeiss,https://twitter.com/SonjaEisenbeiss,P,P,
simonlporter,https://twitter.com/simonlporter,CP,P,
Phoenix_Forums,https://twitter.com/Phoenix_Forums,C,C,
keithwhitson,https://twitter.com/keithwhitson,P,P,
elearnindustry,https://twitter.com/elearnindustry,C,C,
DaveLieber,https://twitter.com/DaveLieber,CP,CP,
patrickallmond,https://twitter.com/patrickallmond,CP,CP,
tecdaddytweets,https://twitter.com/tecdaddytweets,P,P,
rickyhob,https://twitter.com/rickyhob,CP,CP,
TruTechTools,https://twitter.com/TruTechTools,C,C,
Arzel_Zoning,https://twitter.com/Arzel_Zoning,C,C,
hwoerpel,https://twitter.com/hwoerpel,P,P,
taylreduarte,https://twitter.com/taylreduarte,P,CP,
WomenInHVACR,https://twitter.com/WomenInHVACR,C,C,
airxprt,https://twitter.com/airxprt,CP,CP,
tulsatech,https://twitter.com/tulsatech,C,C,
pdeblassieiii,https://twitter.com/pdeblassieiii,CP,CP,
ConsultAirHVAC,https://twitter.com/ConsultAirHVAC,C,C,
myassignmentau,https://twitter.com/myassignmentau,C,C,
ShuBee,https://twitter.com/ShuBee,C,C,
DonnaCardilloRN,https://twitter.com/DonnaCardilloRN,CP,CP,
comfortconsult,https://twitter.com/comfortconsult,C,C,
BakerDist,https://twitter.com/BakerDist,C,,
Airwestac,https://twitter.com/Airwestac,C,,
AskAmex,https://twitter.com/AskAmex,C,,
Nurph,https://twitter.com/Nurph,C,,
jbaethke,https://twitter.com/jbaethke,P,,
GrandpaSteve,https://twitter.com/GrandpaSteve,P,,
kgreenstreet,https://twitter.com/kgreenstreet,CP,,
CandaceRoulo,https://twitter.com/CandaceRoulo,P,,
DavisDeiyauna,https://twitter.com/DavisDeiyauna,P,,
kimberlydavis,https://twitter.com/kimberlydavis,CP,,
RodRapson,https://twitter.com/RodRapson,P,,
balderson,https://twitter.com/balderson,CP,,
Nolanplumbing,https://twitter.com/Nolanplumbing,CP,,
thermalbattery,https://twitter.com/thermalbattery,CP,,
UponorBliss,https://twitter.com/UponorBliss,CP,,
AirCItyAir,https://twitter.com/AirCItyAir,C,,
Raycoolz,https://twitter.com/Raycoolz,CP,,
hvactravis1,https://twitter.com/hvactravis1,P,,
n2sbc,https://twitter.com/n2sbc,CP,,
spencerpoff,https://twitter.com/spencerpoff,P,,
DIYjoel,https://twitter.com/DIYjoel,CP,,
JeffKranicki,https://twitter.com/JeffKranicki,P,,
SolairWorldEu,https://twitter.com/SolairWorldEu,CP,,
bcgover,https://twitter.com/bcgover,CP,,
collinMatthews6,https://twitter.com/collinMatthews6,P,,
winter_don,https://twitter.com/winter_don,CP,,
TraceyHVAC,https://twitter.com/TraceyHVAC,CP,,
johnwehnhvac,https://twitter.com/johnwehnhvac,C,,
Amandayates52,https://twitter.com/Amandayates52,P,,
McDowellHVAC,https://twitter.com/McDowellHVAC,P,,
HHHovey,https://twitter.com/HHHovey,C,,
Hvac_Expert,https://twitter.com/Hvac_Expert,CP,,
DavisAirVSUalum,https://twitter.com/DavisAirVSUalum,CP,,
KevRaymond,https://twitter.com/KevRaymond,P,,
WelterHeating,https://twitter.com/WelterHeating,C,,
PRSCOOL,https://twitter.com/PRSCOOL,C,,
chitownrepair,https://twitter.com/chitownrepair,CP,,
ChrisFreire_,https://twitter.com/ChrisFreire_,P,,
Jschinter,https://twitter.com/Jschinter,CP,,
MathewsACS,https://twitter.com/MathewsACS,CP,,
brevwit,https://twitter.com/brevwit,CP,,
JDPHVAC,https://twitter.com/JDPHVAC,C,,
morouse56,https://twitter.com/morouse56,CP,,
wheelersphcc,https://twitter.com/wheelersphcc,C,,
JasonKillinger1,https://twitter.com/JasonKillinger1,CP,,
EthanRayburn,https://twitter.com/EthanRayburn,P,,
yodameister,https://twitter.com/yodameister,P,,
mikepaul102,https://twitter.com/mikepaul102,CP,,
dvsub,https://twitter.com/dvsub,CP,,
bennyd27,https://twitter.com/bennyd27,P,,
purecountry01,https://twitter.com/purecountry01,CP,,
FourWheelMike,https://twitter.com/FourWheelMike,P,,
rcbcooper,https://twitter.com/rcbcooper,P,,
rmusser55,https://twitter.com/rmusser55,P,,
spencerkotch,https://twitter.com/spencerkotch,P,,
jongonzalez84,https://twitter.com/jongonzalez84,CP,,
sarchambault,https://twitter.com/sarchambault,CP,,
portersrefrig,https://twitter.com/portersrefrig,CP,,
haroldcmoore,https://twitter.com/haroldcmoore,CP,,
derrickck41,https://twitter.com/derrickck41,P,,
Mogzy_8,https://twitter.com/Mogzy_8,P,,
TomsCoolandHeat,https://twitter.com/TomsCoolandHeat,CP,,
ManwillPlumbing,https://twitter.com/ManwillPlumbing,CP,,
Joyante,https://twitter.com/Joyante,CP,,
GregMcAfeeHVAC,https://twitter.com/GregMcAfeeHVAC,CP,,
coolandcurrent,https://twitter.com/coolandcurrent,CP,,
Kroll3175,https://twitter.com/Kroll3175,P,,
RuthAnnDavis,https://twitter.com/RuthAnnDavis,P,,
jjhvac72,https://twitter.com/jjhvac72,P,,
FalskenH2O,https://twitter.com/FalskenH2O,CP,,
HeaterTreater,https://twitter.com/HeaterTreater,CP,,
pgrasso,https://twitter.com/pgrasso,P,,
_Jimmy_Hooker,https://twitter.com/_Jimmy_Hooker,P,,
HammondHVAC,https://twitter.com/HammondHVAC,CP,,
HVAC_com,https://twitter.com/HVAC_com,C,,
RonSmithHVAC,https://twitter.com/RonSmithHVAC,CP,,
SeanHVAC,https://twitter.com/SeanHVAC,CP,,
refrigeration,https://twitter.com/refrigeration,CP,,
hvac,https://twitter.com/hvac,C,,
ecobee2bee,https://twitter.com/ecobee2bee,C,,
dticorp,https://twitter.com/dticorp,C,,
hvaccovers,https://twitter.com/hvaccovers,C,,
CopelandScroll,https://twitter.com/CopelandScroll,C,,
richardcooperma,https://twitter.com/richardcooperma,P,,
AirZoneHVAC,https://twitter.com/AirZoneHVAC,C,,
HurricaneHVAC,https://twitter.com/HurricaneHVAC,C,,
AntonsHVAC,https://twitter.com/AntonsHVAC,C,,
BizelliHVAC,https://twitter.com/BizelliHVAC,CP,,
DeLongAir,https://twitter.com/DeLongAir,CP,,
BlueRidgeHVAC,https://twitter.com/BlueRidgeHVAC,C,,
stchvacr,https://twitter.com/stchvacr,C,,
JPHVAC,https://twitter.com/JPHVAC,C,,
BrightPatternUS,https://twitter.com/BrightPatternUS,C,,
shockthomas,https://twitter.com/shockthomas,CP,,
Motion_PR,https://twitter.com/Motion_PR,C,,
AdmorHVAC,https://twitter.com/AdmorHVAC,C,,
KruegerHVAC,https://twitter.com/KruegerHVAC,C,,
eclay07,https://twitter.com/eclay07,P,,
JSWareGroup,https://twitter.com/JSWareGroup,C,,
OrganizeShine,https://twitter.com/OrganizeShine,P,,
AxelKoster,https://twitter.com/AxelKoster,CP,,
AliceMartin8,https://twitter.com/AliceMartin8,P,,
Ujjwal_krishna,https://twitter.com/Ujjwal_krishna,P,,
micahsolomon,https://twitter.com/micahsolomon,CP,,
nporte,https://twitter.com/nporte,CP,,
adamtoporek,https://twitter.com/adamtoporek,CP,,
HVAC_R_Consult,https://twitter.com/HVAC_R_Consult,CP,,
Ferguson_FEI,https://twitter.com/Ferguson_FEI,CP,,
JaaGeeGee,https://twitter.com/JaaGeeGee,P,,
ChrisRStricklin,https://twitter.com/ChrisRStricklin,P,,
AnnTran_,https://twitter.com/AnnTran_,P,,
DrEddyClinic,https://twitter.com/DrEddyClinic,CP,,
fritzmt,https://twitter.com/fritzmt,P,,
FredCuellar,https://twitter.com/FredCuellar,P,,
JohnEMichel,https://twitter.com/JohnEMichel,P,,
dattaniamit,https://twitter.com/dattaniamit,P,,
SamsTavern,https://twitter.com/SamsTavern,CP,,
RobertMAnthony1,https://twitter.com/RobertMAnthony1,CP,,
moneyartist,https://twitter.com/moneyartist,P,,
LollyDaskal,https://twitter.com/LollyDaskal,CP,,
MartinWeinberg,https://twitter.com/MartinWeinberg,CP,,
GKGureja,https://twitter.com/GKGureja,CP,,
jack_welch,https://twitter.com/jack_welch,P,,
DrJeffersnBoggs,https://twitter.com/DrJeffersnBoggs,P,,
teresaknox,https://twitter.com/teresaknox,CP,,
M_Wheatley,https://twitter.com/M_Wheatley,P,,
MorgStew,https://twitter.com/MorgStew,CP,,
JayUrbiz,https://twitter.com/JayUrbiz,CP,,
bob_firestone,https://twitter.com/bob_firestone,CP,,
ChrisWallace247,https://twitter.com/ChrisWallace247,CP,,
jeffshore,https://twitter.com/jeffshore,CP,,
trevorhlund,https://twitter.com/trevorhlund,CP,,
joshingstern,https://twitter.com/joshingstern,P,,
paul_steele,https://twitter.com/paul_steele,P,,
SylviediGiusto,https://twitter.com/SylviediGiusto,CP,,
GlenGilmore,https://twitter.com/GlenGilmore,CP,,
kimberlymoffit,https://twitter.com/kimberlymoffit,P,,
spokencomm,https://twitter.com/spokencomm,C,,
GKJohnMarkIvey,https://twitter.com/GKJohnMarkIvey,P,,
CX_Jodi,https://twitter.com/CX_Jodi,CP,,
bsdalton,https://twitter.com/bsdalton,P,,
StuartClarke68,https://twitter.com/StuartClarke68,CP,,
susanhash,https://twitter.com/susanhash,CP,,
colinsataylor,https://twitter.com/colinsataylor,CP,,
bradcleveland,https://twitter.com/bradcleveland,CP,,
greg_levin,https://twitter.com/greg_levin,P,,
CallCenterToday,https://twitter.com/CallCenterToday,C,,
CIOmatters,https://twitter.com/CIOmatters,CP,,
hawkinsjohn,https://twitter.com/hawkinsjohn,CP,,
ContinuityKirk,https://twitter.com/ContinuityKirk,CP,,
JerryGrendahl,https://twitter.com/JerryGrendahl,P,,
BoKnowsMarkting,https://twitter.com/BoKnowsMarkting,CP,,
rbacal,https://twitter.com/rbacal,CP,,
galkarpfen,https://twitter.com/galkarpfen,P,,
suecockburn,https://twitter.com/suecockburn,CP,,
SkipPrichard,https://twitter.com/SkipPrichard,CP,,
kingso,https://twitter.com/kingso,P,,
madocdavies,https://twitter.com/madocdavies,P,,
griffithenergy,https://twitter.com/griffithenergy,CP,,
LeoWid,https://twitter.com/LeoWid,CP,,
DennyCoates,https://twitter.com/DennyCoates,CP,,
boedudley,https://twitter.com/boedudley,CP,,
tbry17,https://twitter.com/tbry17,CP,,
RichardNatoli,https://twitter.com/RichardNatoli,CP,,
Ardellxb67,https://twitter.com/Ardellxb67,CP,,
DTSalvo,https://twitter.com/DTSalvo,P,,
edwardducoin,https://twitter.com/edwardducoin,CP,,
ManagersDiary,https://twitter.com/ManagersDiary,P,,
LuxaireHVAC,https://twitter.com/LuxaireHVAC,C,,
BuildMyPlatform,https://twitter.com/BuildMyPlatform,C,,
RoanokeCollege,https://twitter.com/RoanokeCollege,C,,
DickinsonCol,https://twitter.com/DickinsonCol,C,,
alleghenycol,https://twitter.com/alleghenycol,C,,
Nortek_HVAC,https://twitter.com/Nortek_HVAC,C,,
AquaStarPHC,https://twitter.com/AquaStarPHC,C,,
DJBergstrom,https://twitter.com/DJBergstrom,CP,,
chattech,https://twitter.com/chattech,C,,
ZakFick,https://twitter.com/ZakFick,P,,
WichitaState,https://twitter.com/WichitaState,C,,
WhiteRodgers,https://twitter.com/WhiteRodgers,C,,
ACCASaintLouis,https://twitter.com/ACCASaintLouis,C,,
AmAirHVACInc,https://twitter.com/AmAirHVACInc,C,,
deltabap,https://twitter.com/deltabap,C,,
Hvachacks,https://twitter.com/Hvachacks,C,,
WarrenCoNJ,https://twitter.com/WarrenCoNJ,C,,
middlebucks,https://twitter.com/middlebucks,C,,
Bismarck_State,https://twitter.com/Bismarck_State,C,,
TetonAthletics,https://twitter.com/TetonAthletics,C,,
willistonstate,https://twitter.com/willistonstate,C,,
ndscswildcats,https://twitter.com/ndscswildcats,C,,
everest_college,https://twitter.com/everest_college,C,,
AshworthCollege,https://twitter.com/AshworthCollege,C,,
ENTECH_Info,https://twitter.com/ENTECH_Info,C,,
USACD,https://twitter.com/USACD,C,,
JCI_BEnews,https://twitter.com/JCI_BEnews,C,,
ClimateMaster,https://twitter.com/ClimateMaster,C,,
JohnsonSupply,https://twitter.com/JohnsonSupply,C,,
123top10,https://twitter.com/123top10,P,,
raehanbobby,https://twitter.com/raehanbobby,CP,,
CharliJane,https://twitter.com/CharliJane,CP,,
cammipham,https://twitter.com/cammipham,CP,,
TeamFitCo,https://twitter.com/TeamFitCo,C,,
djh2020,https://twitter.com/djh2020,P,,
CPMilford,https://twitter.com/CPMilford,CP,,
jcmsrv,https://twitter.com/jcmsrv,CP,,
MPHVAC,https://twitter.com/MPHVAC,C,,
CornOnTheJob,https://twitter.com/CornOnTheJob,CP,,
JamesBowmanHVAC,https://twitter.com/JamesBowmanHVAC,P,,
mivi,https://twitter.com/mivi,CP,,
RondellSheridan,https://twitter.com/RondellSheridan,P,,
blgexecutive,https://twitter.com/blgexecutive,CP,,
NSASpeaker,https://twitter.com/NSASpeaker,C,,
hangingnoodles,https://twitter.com/hangingnoodles,P,,
MySOdotCom,https://twitter.com/MySOdotCom,P,,
FixedOpsGenius,https://twitter.com/FixedOpsGenius,P,,
loriruff,https://twitter.com/loriruff,CP,,
rkelly976,https://twitter.com/rkelly976,CP,,
Morelli_HVAC,https://twitter.com/Morelli_HVAC,C,,
EdmontonPM,https://twitter.com/EdmontonPM,CP,,
DanielleKoop,https://twitter.com/DanielleKoop,P,,
JohnPiperOnline,https://twitter.com/JohnPiperOnline,CP,,
CasteelAir,https://twitter.com/CasteelAir,C,,
CarlisleHVAC,https://twitter.com/CarlisleHVAC,C,,
MoncriefAir,https://twitter.com/MoncriefAir,CP,,
joebnci,https://twitter.com/joebnci,P,,
airdesignlondon,https://twitter.com/airdesignlondon,C,,
Applegang,https://twitter.com/Applegang,C,,
Service_Nation,https://twitter.com/Service_Nation,C,,
pastordudley,https://twitter.com/pastordudley,CP,,
blakewoolwine,https://twitter.com/blakewoolwine,P,,
MichaelENichols,https://twitter.com/MichaelENichols,CP,,
Esco_Group,https://twitter.com/Esco_Group,C,,
esmagazine,https://twitter.com/esmagazine,C,,
bcatechinc,https://twitter.com/bcatechinc,C,,
jdharringtonjr,https://twitter.com/jdharringtonjr,P,,
uppervalleyhvac,https://twitter.com/uppervalleyhvac,C,,
HARDIgov,https://twitter.com/HARDIgov,C,,
HARDInetworking,https://twitter.com/HARDInetworking,C,,
EmersonClimate,https://twitter.com/EmersonClimate,C,,
HomeMVP,https://twitter.com/HomeMVP,C,,
IdealSanDiego,https://twitter.com/IdealSanDiego,C,,
MorrisJenkins,https://twitter.com/MorrisJenkins,C,,
ComfortMatters,https://twitter.com/ComfortMatters,C,,
Midstatehvac,https://twitter.com/Midstatehvac,C,,
The_AC_Guy,https://twitter.com/The_AC_Guy,CP,,
ChandlerPernell,https://twitter.com/ChandlerPernell,CP,,
RichLucia,https://twitter.com/RichLucia,CP,,
Heat_AC_NC,https://twitter.com/Heat_AC_NC,C,,
ChesmontEric,https://twitter.com/ChesmontEric,P,,
veterantraveler,https://twitter.com/veterantraveler,CP,,
MyACGuys,https://twitter.com/MyACGuys,C,,
HomeEnergyMag,https://twitter.com/HomeEnergyMag,C,,
ashraenews,https://twitter.com/ashraenews,C,,
Mingledorffs,https://twitter.com/Mingledorffs,C,,
WilsonACService,https://twitter.com/WilsonACService,C,,
SmartHVAC,https://twitter.com/SmartHVAC,C,,
YorkHVAC,https://twitter.com/YorkHVAC,C,,
NorcaAir,https://twitter.com/NorcaAir,C,,C
ModernMec,https://twitter.com/ModernMec,C,,C
wwp,https://twitter.com/wwp,C,,C
KeithAir,https://twitter.com/KeithAir,C,,C
EstesServices,https://twitter.com/EstesServices,C,,C
McCreaWay,https://twitter.com/McCreaWay,C,,C
CarolinaHeating,https://twitter.com/CarolinaHeating,C,,C
robinaireheat,https://twitter.com/robinaireheat,C,,C
HVAC_Training,https://twitter.com/HVAC_Training,C,,C
TheEcoPlumbers,https://twitter.com/TheEcoPlumbers,C,,C
ZONEFIRST,https://twitter.com/ZONEFIRST,C,,C
JoeCrisara,https://twitter.com/JoeCrisara,CP,,CP
fhfurr,https://twitter.com/fhfurr,C,,C
bon_maurice,https://twitter.com/bon_maurice,CP,,CP
HVACCHIPMD,https://twitter.com/HVACCHIPMD,C,,C
heatwavehvacinc,https://twitter.com/heatwavehvacinc,C,,C
BelRedEnergy1,https://twitter.com/BelRedEnergy1,C ,,C 
joeynovick,https://twitter.com/joeynovick,P,,P
ShawnMitchellVA,https://twitter.com/ShawnMitchellVA,CP,,CP
ahrexpo,https://twitter.com/ahrexpo,C ,,C 
INTO_HVAC,https://twitter.com/INTO_HVAC,C,,C
achrnews,https://twitter.com/achrnews,C,,C
AHRI_connect,https://twitter.com/AHRI_connect,C,,C
HVACNewscom,https://twitter.com/HVACNewscom,C,,C
grainger,https://twitter.com/grainger,C ,,C 
CondAirNaples,https://twitter.com/CondAirNaples,C,,C
CarrierHVAC,https://twitter.com/CarrierHVAC,C,,C
drkent,https://twitter.com/drkent,P,,P
FoothillsHVAC,https://twitter.com/FoothillsHVAC,C,,C
advcomfort,https://twitter.com/advcomfort,C,,C
pullenac,https://twitter.com/pullenac,C,,C
wwwacdavecom,https://twitter.com/wwwacdavecom,C,,C
meyeranddepew,https://twitter.com/meyeranddepew,C,,C
airritehvac,https://twitter.com/airritehvac,C,,C
ideaperson1,https://twitter.com/ideaperson1,P,,P
RobertWilkos,https://twitter.com/RobertWilkos,CP,,CP
maurerheating,https://twitter.com/maurerheating,C,,C
SkyHeating,https://twitter.com/SkyHeating,C,,C
EmpireHVAC,https://twitter.com/EmpireHVAC,C,,C
ParrishServices,https://twitter.com/ParrishServices,C,,C
frankpresents,https://twitter.com/frankpresents,P,,P
jeffkorhan,https://twitter.com/jeffkorhan,P,,P
CarynMaenza,https://twitter.com/CarynMaenza,P,,P
Chisholm7,https://twitter.com/Chisholm7,P,,P
northeastclng,https://twitter.com/northeastclng,C,,C
robertbradford,https://twitter.com/robertbradford,P,,P
appoloheating,https://twitter.com/appoloheating,C,,C
HARDInews,https://twitter.com/HARDInews,C,,C
AirRightInc,https://twitter.com/AirRightInc,C,,C
ginagargiulo,https://twitter.com/ginagargiulo,P,,P
ericbolling,https://twitter.com/ericbolling,P,,P
accakim,https://twitter.com/accakim,CP,,CP
jacksonandsons,https://twitter.com/jacksonandsons,C,,C
rothheat,https://twitter.com/rothheat,C,,C
lozierheating,https://twitter.com/lozierheating,C,,C
BeyerBoys,https://twitter.com/BeyerBoys,C,,C
HandCinc,https://twitter.com/HandCinc,C,,C
HARDIedu,https://twitter.com/HARDIedu,C,,C
pipeworksnj,https://twitter.com/pipeworksnj,C,,C
LauraHVAC,https://twitter.com/LauraHVAC,C,,C
crawfordserv,https://twitter.com/crawfordserv,C,,C
CopelandAndSon,https://twitter.com/CopelandAndSon,C,,C
katekelly216,https://twitter.com/katekelly216,CP,,CP
DennisLaughlin1,https://twitter.com/DennisLaughlin1,P,,P
AtchleyAir,https://twitter.com/AtchleyAir,C ,,C 
stackheating,https://twitter.com/stackheating,C,,C
AndyFracica,https://twitter.com/AndyFracica,P,,P
MannyWLM,https://twitter.com/MannyWLM,P,,P
McGoals,https://twitter.com/McGoals,CP,,CP
ItsThePlumber,https://twitter.com/ItsThePlumber,P,,P
jacklee777,https://twitter.com/jacklee777,P,,P
1dawnlight,https://twitter.com/1dawnlight,P,,P
MinnicksHVAC,https://twitter.com/MinnicksHVAC,C,,C
KimWorthley,https://twitter.com/KimWorthley,P,,P
comfortechshow,https://twitter.com/comfortechshow,C,,C
Totalhvac,https://twitter.com/Totalhvac,C,,C
actionheating,https://twitter.com/actionheating,C,,C
MagicTouchAir,https://twitter.com/MagicTouchAir,C,,C
katelmccoy,https://twitter.com/katelmccoy,P,,P
AskJohnsCreek,https://twitter.com/AskJohnsCreek,C,,C
SeldonPlumbing,https://twitter.com/SeldonPlumbing,C,,C
ColonialPlumb,https://twitter.com/ColonialPlumb,C,,C
jimpfaff,https://twitter.com/jimpfaff,P,,P
PassingZone,https://twitter.com/PassingZone,C,,C
ScottAniol,https://twitter.com/ScottAniol,P,,P
MrsEdwardsArt,https://twitter.com/MrsEdwardsArt,P,,P
salesguy09,https://twitter.com/salesguy09,CP,,CP
BillRaymond7,https://twitter.com/BillRaymond7,P,,P
DrNoLeak,https://twitter.com/DrNoLeak,C,,C
Marrena,https://twitter.com/Marrena,P,,P
1incomfort,https://twitter.com/1incomfort,C,,C
ComancheMktg,https://twitter.com/ComancheMktg,P,,P
alanlfrench,https://twitter.com/alanlfrench,P,,P
ArtPlbgandAC,https://twitter.com/ArtPlbgandAC,C,,C
samanthawwhite,https://twitter.com/samanthawwhite,P,,P
compcarp,https://twitter.com/compcarp,P,,P
Wkirkorian,https://twitter.com/Wkirkorian,C,,C
TammyFerris,https://twitter.com/TammyFerris,P,,P
SanfordKramer,https://twitter.com/SanfordKramer,C,,C
BuyLessAds,https://twitter.com/BuyLessAds,CP,,CP
JustinCarrol,https://twitter.com/JustinCarrol,P,,P
SusanKimball2,https://twitter.com/SusanKimball2,CP,,CP
dan_friesen,https://twitter.com/dan_friesen,P,,P
WeltmanServices,https://twitter.com/WeltmanServices,C,,C
ToddLiles,https://twitter.com/ToddLiles,CP,,CP
Gen3Electric,https://twitter.com/Gen3Electric,C,,C
SheriBennefeld,https://twitter.com/SheriBennefeld,P,,P
seriatimharmony,https://twitter.com/seriatimharmony,P,,P
Fortier_Steven,https://twitter.com/Fortier_Steven,P,,P
NathanHarmeier,https://twitter.com/NathanHarmeier,CP,,CP
sbrevett,https://twitter.com/sbrevett,P,,P
Sanfordtemp,https://twitter.com/Sanfordtemp,C,,C
TerryMcIver,https://twitter.com/TerryMcIver,P,,P
technicianshop,https://twitter.com/technicianshop,P,,P
FordMyers,https://twitter.com/FordMyers,CP,,CP
mattswenk,https://twitter.com/mattswenk,P,,P
FieryChill,https://twitter.com/FieryChill,C ,,C 
thomaswjackson,https://twitter.com/thomaswjackson,P,,P
JulieMcManus1,https://twitter.com/JulieMcManus1,P,,P
accausa,https://twitter.com/accausa,C,,C
oneandyferguson,https://twitter.com/oneandyferguson,P,,P
EQAdelaide,https://twitter.com/EQAdelaide,P,,P
JoanneKay,https://twitter.com/JoanneKay,P,,P
JeffAshcroft,https://twitter.com/JeffAshcroft,P,,P
msweil,https://twitter.com/msweil,P,,P
ginamcnaughton,https://twitter.com/ginamcnaughton,P,,P
InspireInPerson,https://twitter.com/InspireInPerson,P,,P
kurtwessling,https://twitter.com/kurtwessling,P,,P
hvacrtools,https://twitter.com/hvacrtools,C,,C
JacksonSystems,https://twitter.com/JacksonSystems,C,,C
avishp,https://twitter.com/avishp,P,,P
NaomiRhode,https://twitter.com/NaomiRhode,P,,P
KatieRotella,https://twitter.com/KatieRotella,P,,P
AdamsHudsonInk,https://twitter.com/AdamsHudsonInk,C,,C
GBKing2010,https://twitter.com/GBKing2010,P,,P
hobaicaservices,https://twitter.com/hobaicaservices,C,,C
Woodfin,https://twitter.com/Woodfin,C,,C
davidnetting,https://twitter.com/davidnetting,,,
RobertMenard,https://twitter.com/RobertMenard,,,
Motiv8er,https://twitter.com/Motiv8er,,,
mediasphere_au,https://twitter.com/mediasphere_au,,,
FatimahFasihahK,https://twitter.com/FatimahFasihahK,,,
Mbladam,https://twitter.com/Mbladam,,,
qesihorasiqen,https://twitter.com/qesihorasiqen,,,
visualdestini,https://twitter.com/visualdestini,,,
Comm100,https://twitter.com/Comm100,,,
ravishukle,https://twitter.com/ravishukle,,,
ProNetworkBuild,https://twitter.com/ProNetworkBuild,,,
storyminers,https://twitter.com/storyminers,,,
saouderkirk,https://twitter.com/saouderkirk,,,
SQMGroup_,https://twitter.com/SQMGroup_,,,
HowdenAmerFan,https://twitter.com/HowdenAmerFan,,,
MeetingSift,https://twitter.com/MeetingSift,,,
mkaplanPMP,https://twitter.com/mkaplanPMP,,,
fowlersusann,https://twitter.com/fowlersusann,,,
fowlersusann,https://twitter.com/fowlersusann,,,